,Name,SASA,NormSASA
0,PRO,125.09036548431158,1.18907191525011
1,ILE,22.146657411481247,0.15035069525784958
2,SER,85.54232583363157,1.1051980081864543
3,SER,85.65213078005984,1.106616676744959
4,TRP,53.86582303667428,0.23983002242508583
5,SER,49.49486234588172,0.6394685057607457
6,VAL,42.632078326856046,0.3485860860740478
7,ASP,103.96731435759358,0.9200647288282617
8,ASP,68.9818851159457,0.6104591603181035
9,VAL,0.0,0.0
10,SER,6.564923336353519,0.08481813096063977
11,ASN,96.23571660703234,0.8419572756520766
12,PHE,21.48709888341599,0.11930649019109378
13,ILE,0.0,0.0
14,ARG,140.2465142858428,0.7173734746078916
15,GLU,158.78368280027922,1.1245303314467368
16,LEU,37.02796712130582,0.25326926895558016
17,PRO,125.829883828596,1.1961015573060456
18,GLY,51.95945434899353,0.595865302167357
19,CYS,12.867963509103797,0.12578654456601954
20,GLN,129.22550566415507,0.8992728299523666
21,ASP,115.36275055810677,1.0209092969743963
22,TYR,95.62128391584325,0.4951904915372514
23,VAL,1.2076282160399163,0.009874310842517713
24,ASP,82.12962630040758,0.7268108522159963
25,ASP,73.96646168383741,0.6545704573790921
26,PHE,22.94493610475841,0.12740108886595453
27,ILE,71.36833942657742,0.4845101115178372
28,GLN,141.0080740441848,0.9812670427570273
29,GLN,117.64360965646603,0.818675084596145
30,GLU,134.64901299123574,0.9536049078699416
31,ILE,22.944936104758412,0.15577010254418472
32,ASP,52.90999975500489,0.4682300863274769
33,GLY,0.0,0.0
34,GLN,123.44604332305208,0.8590538853378712
35,ALA,24.951684960906654,0.3844635587196711
36,LEU,6.83726172030791,0.04676649603493783
37,LEU,82.47354273138136,0.5641145193664936
38,LEU,111.49240893984904,0.7626019763327568
39,LEU,29.646028633089124,0.20277721363262055
40,LYS,112.2362249828836,0.6822870819628182
41,GLU,67.28749853415857,0.4765403578906415
42,LYS,106.95381286506094,0.6501751541948994
43,HIS,75.7844008215049,0.49019664179498645
44,LEU,41.704416281733444,0.2852559253196542
45,VAL,51.77394958598436,0.42333564665563667
46,ASN,121.36858349945683,1.061842375323332
47,ALA,98.58968684962593,1.5191014922900758
48,GLY,69.32325057368476,0.7949914056615225
49,LYS,150.87861886975736,0.9171952514878867
50,LEU,76.37588731995216,0.5224068900133527
51,GLY,40.102782081450904,0.45989428992489567
52,PRO,60.24524161001862,0.5726733993347777
53,ALA,5.924101266874272,0.09128045095337861
54,ARG,115.88292290331756,0.5927515238021359
55,LYS,136.18707392258023,0.8278849478576306
56,ILE,26.56782075287816,0.1803653818932665
57,VAL,44.546074801499714,0.36423609813164115
58,ALA,54.73388278597297,0.8433572077961936
59,LYS,83.89057694733897,0.5099731121418782
60,VAL,13.011571992484688,0.1063906131846663
61,GLU,149.5490591596463,1.059129314161801
62,SER,88.36185497474594,1.1416260332654513
63,ILE,96.26634085221953,0.6535393133212459
